,income_group,oa_frequency,noa_frequency,overall_frequency,oa_status
0,High income,205146,249338,454484,45.13822268770738
1,Upper middle income,43345,59507,102852,42.14307937619103
2,Lower middle income,9851,14776,24627,40.00081211678239
3,Low income,3326,1234,4560,72.93859649122807
