,Region,oa_frequency,noa_frequency,overall_frequency,oa_status
0,North America,74455,79230,153685,48.446497706347394
1,Europe & Central Asia,65454,101875,167329,39.11694924370551
2,East Asia & Pacific,37839,64572,102411,36.94817939479157
3,Sub-Saharan Africa,2191,1773,3964,55.27245206861756
4,Middle East & North Africa,2958,8231,11189,26.436678881043886
5,South Asia,2781,7289,10070,27.616683217477657
6,Latin America & Caribbean,7480,8519,15999,46.7529220576286
