,income_group,oa_frequency,noa_frequency,overall_frequency,oa_status
0,Lower middle income,4195,9527,13722,30.571345284943884
1,High income,181438,221670,403108,45.00977405558808
2,Upper middle income,26722,43416,70138,38.09917591034817
3,Low income,640,290,930,68.81720430107528
