,Region,oa_frequency,noa_frequency,overall_frequency,oa_status
0,Europe & Central Asia,29989,21881,51870,57.81569307885097
1,North America,33098,23135,56233,58.858677289136274
2,Latin America & Caribbean,5203,4530,9733,53.45731018185555
3,East Asia & Pacific,17960,14574,32534,55.20378680764738
4,Middle East & North Africa,3750,4288,8038,46.65339636725553
5,South Asia,2232,2189,4421,50.486315313277544
6,Sub-Saharan Africa,5128,1944,7072,72.51131221719457
